{"text": " Think twice before connecting to that free public Wi-Fi. It might seem convenient, but it's often...", "segments": [{"id": 0, "seek": 0, "start": 0.0, "end": 3.8000000000000003, "text": " Think twice before connecting to that free public Wi-Fi.", "tokens": [50364, 6557, 6091, 949, 11015, 281, 300, 1737, 1908, 14035, 12, 13229, 13, 50554], "temperature": 0.0, "avg_logprob": -0.32269548486780236, "compression_ratio": 1.0869565217391304, "no_speech_prob": 0.025815919041633606}, {"id": 1, "seek": 0, "start": 3.8000000000000003, "end": 6.8, "text": " It might seem convenient, but it's often...", "tokens": [50554, 467, 1062, 1643, 10851, 11, 457, 309, 311, 2049, 485, 50704], "temperature": 0.0, "avg_logprob": -0.32269548486780236, "compression_ratio": 1.0869565217391304, "no_speech_prob": 0.025815919041633606}], "language": "en"}